target_object_position_0,target_object_position_1,target_object_position_2
0.4439336657524109,-0.1204983443021774,0.4356957972049713
0.4439336657524109,-0.1204983443021774,0.4356957972049713
0.4439336657524109,-0.1204983443021774,0.4356957972049713
0.4439336657524109,-0.1204983443021774,0.4356957972049713
0.4439336657524109,-0.1204983443021774,0.4356957972049713
0.4439336657524109,-0.1204983443021774,0.4356957972049713
0.4439336657524109,-0.1204983443021774,0.4356957972049713
0.4439336657524109,-0.1204983443021774,0.4356957972049713
0.4439336657524109,-0.1204983443021774,0.4356957972049713
0.4439336657524109,-0.1204983443021774,0.4356957972049713
0.4439336657524109,-0.1204983443021774,0.4356957972049713
0.4439336657524109,-0.1204983443021774,0.4356957972049713
0.4439336657524109,-0.1204983443021774,0.4356957972049713
0.4439336657524109,-0.1204983443021774,0.4356957972049713
0.4439336657524109,-0.1204983443021774,0.4356957972049713
0.4439336657524109,-0.1204983443021774,0.4356957972049713
0.4439336657524109,-0.1204983443021774,0.4356957972049713
0.4439336657524109,-0.1204983443021774,0.4356957972049713
0.4439336657524109,-0.1204983443021774,0.4356957972049713
0.4439336657524109,-0.1204983443021774,0.4356957972049713
0.4439336657524109,-0.1204983443021774,0.4356957972049713
0.4439336657524109,-0.1204983443021774,0.4356957972049713
0.4439336657524109,-0.1204983443021774,0.4356957972049713
0.4439336657524109,-0.1204983443021774,0.4356957972049713
0.4439336657524109,-0.1204983443021774,0.4356957972049713
0.4439336657524109,-0.1204983443021774,0.4356957972049713
0.4439336657524109,-0.1204983443021774,0.4356957972049713
0.4439336657524109,-0.1204983443021774,0.4356957972049713
0.4439336657524109,-0.1204983443021774,0.4356957972049713
0.4439336657524109,-0.1204983443021774,0.4356957972049713
0.4439336657524109,-0.1204983443021774,0.4356957972049713
0.4439336657524109,-0.1204983443021774,0.4356957972049713
0.4439336657524109,-0.1204983443021774,0.4356957972049713
0.4439336657524109,-0.1204983443021774,0.4356957972049713
0.4439336657524109,-0.1204983443021774,0.4356957972049713
0.4439336657524109,-0.1204983443021774,0.4356957972049713
0.4439336657524109,-0.1204983443021774,0.4356957972049713
0.4439336657524109,-0.1204983443021774,0.4356957972049713
0.4439336657524109,-0.1204983443021774,0.4356957972049713
0.4439336657524109,-0.1204983443021774,0.4356957972049713
0.4439336657524109,-0.1204983443021774,0.4356957972049713
0.4439336657524109,-0.1204983443021774,0.4356957972049713
0.4439336657524109,-0.1204983443021774,0.4356957972049713
0.4439336657524109,-0.1204983443021774,0.4356957972049713
0.4439336657524109,-0.1204983443021774,0.4356957972049713
0.4439336657524109,-0.1204983443021774,0.4356957972049713
0.4439336657524109,-0.1204983443021774,0.4356957972049713
0.4439336657524109,-0.1204983443021774,0.4356957972049713
0.4439336657524109,-0.1204983443021774,0.4356957972049713
0.4439336657524109,-0.1204983443021774,0.4356957972049713
0.4439336657524109,-0.1204983443021774,0.4356957972049713
0.4439336657524109,-0.1204983443021774,0.4356957972049713
0.4439336657524109,-0.1204983443021774,0.4356957972049713
0.4439336657524109,-0.1204983443021774,0.4356957972049713
0.4439336657524109,-0.1204983443021774,0.4356957972049713
0.4439336657524109,-0.1204983443021774,0.4356957972049713
0.4439336657524109,-0.1204983443021774,0.4356957972049713
0.4439336657524109,-0.1204983443021774,0.4356957972049713
0.4439336657524109,-0.1204983443021774,0.4356957972049713
0.4439336657524109,-0.1204983443021774,0.4356957972049713
0.4439336657524109,-0.1204983443021774,0.4356957972049713
0.4439336657524109,-0.1204983443021774,0.4356957972049713
0.4439336657524109,-0.1204983443021774,0.4356957972049713
0.4439336657524109,-0.1204983443021774,0.4356957972049713
0.4439336657524109,-0.1204983443021774,0.4356957972049713
0.4439336657524109,-0.1204983443021774,0.4356957972049713
0.4439336657524109,-0.1204983443021774,0.4356957972049713
0.4439336657524109,-0.1204983443021774,0.4356957972049713
0.4439336657524109,-0.1204983443021774,0.4356957972049713
0.4439336657524109,-0.1204983443021774,0.4356957972049713
0.4439336657524109,-0.1204983443021774,0.4356957972049713
0.4439336657524109,-0.1204983443021774,0.4356957972049713
0.4439336657524109,-0.1204983443021774,0.4356957972049713
0.4439336657524109,-0.1204983443021774,0.4356957972049713
0.4439336657524109,-0.1204983443021774,0.4356957972049713
0.4439336657524109,-0.1204983443021774,0.4356957972049713
0.4439336657524109,-0.1204983443021774,0.4356957972049713
0.4439336657524109,-0.1204983443021774,0.4356957972049713
0.4439336657524109,-0.1204983443021774,0.4356957972049713
0.4439336657524109,-0.1204983443021774,0.4356957972049713
0.4439336657524109,-0.1204983443021774,0.4356957972049713
0.4439336657524109,-0.1204983443021774,0.4356957972049713
0.4439336657524109,-0.1204983443021774,0.4356957972049713
0.4439336657524109,-0.1204983443021774,0.4356957972049713
0.4439336657524109,-0.1204983443021774,0.4356957972049713
0.4439336657524109,-0.1204983443021774,0.4356957972049713
0.4439336657524109,-0.1204983443021774,0.4356957972049713
0.4439336657524109,-0.1204983443021774,0.4356957972049713
0.4439336657524109,-0.1204983443021774,0.4356957972049713
0.4439336657524109,-0.1204983443021774,0.4356957972049713
0.4439336657524109,-0.1204983443021774,0.4356957972049713
0.4439336657524109,-0.1204983443021774,0.4356957972049713
0.4439336657524109,-0.1204983443021774,0.4356957972049713
0.4439336657524109,-0.1204983443021774,0.4356957972049713
0.4439336657524109,-0.1204983443021774,0.4356957972049713
0.4439336657524109,-0.1204983443021774,0.4356957972049713
0.4439336657524109,-0.1204983443021774,0.4356957972049713
0.4439336657524109,-0.1204983443021774,0.4356957972049713
0.4439336657524109,-0.1204983443021774,0.4356957972049713
0.4759217202663421,0.1767792701721191,0.488851249217987
0.4759217202663421,0.1767792701721191,0.488851249217987
0.4759217202663421,0.1767792701721191,0.488851249217987
0.4759217202663421,0.1767792701721191,0.488851249217987
0.4759217202663421,0.1767792701721191,0.488851249217987
0.4759217202663421,0.1767792701721191,0.488851249217987
0.4759217202663421,0.1767792701721191,0.488851249217987
0.4759217202663421,0.1767792701721191,0.488851249217987
0.4759217202663421,0.1767792701721191,0.488851249217987
0.4759217202663421,0.1767792701721191,0.488851249217987
0.4759217202663421,0.1767792701721191,0.488851249217987
0.4759217202663421,0.1767792701721191,0.488851249217987
0.4759217202663421,0.1767792701721191,0.488851249217987
0.4759217202663421,0.1767792701721191,0.488851249217987
0.4759217202663421,0.1767792701721191,0.488851249217987
0.4759217202663421,0.1767792701721191,0.488851249217987
0.4759217202663421,0.1767792701721191,0.488851249217987
0.4759217202663421,0.1767792701721191,0.488851249217987
0.4759217202663421,0.1767792701721191,0.488851249217987
0.4759217202663421,0.1767792701721191,0.488851249217987
0.4759217202663421,0.1767792701721191,0.488851249217987
0.4759217202663421,0.1767792701721191,0.488851249217987
0.4759217202663421,0.1767792701721191,0.488851249217987
0.4759217202663421,0.1767792701721191,0.488851249217987
0.4759217202663421,0.1767792701721191,0.488851249217987
0.4759217202663421,0.1767792701721191,0.488851249217987
0.4759217202663421,0.1767792701721191,0.488851249217987
0.4759217202663421,0.1767792701721191,0.488851249217987
0.4759217202663421,0.1767792701721191,0.488851249217987
0.4759217202663421,0.1767792701721191,0.488851249217987
0.4759217202663421,0.1767792701721191,0.488851249217987
0.4759217202663421,0.1767792701721191,0.488851249217987
0.4759217202663421,0.1767792701721191,0.488851249217987
0.4759217202663421,0.1767792701721191,0.488851249217987
0.4759217202663421,0.1767792701721191,0.488851249217987
0.4759217202663421,0.1767792701721191,0.488851249217987
0.4759217202663421,0.1767792701721191,0.488851249217987
0.4759217202663421,0.1767792701721191,0.488851249217987
0.4759217202663421,0.1767792701721191,0.488851249217987
0.4759217202663421,0.1767792701721191,0.488851249217987
0.4759217202663421,0.1767792701721191,0.488851249217987
0.4759217202663421,0.1767792701721191,0.488851249217987
0.4759217202663421,0.1767792701721191,0.488851249217987
0.4759217202663421,0.1767792701721191,0.488851249217987
0.4759217202663421,0.1767792701721191,0.488851249217987
0.4759217202663421,0.1767792701721191,0.488851249217987
0.4759217202663421,0.1767792701721191,0.488851249217987
0.4759217202663421,0.1767792701721191,0.488851249217987
0.4759217202663421,0.1767792701721191,0.488851249217987
0.4759217202663421,0.1767792701721191,0.488851249217987
0.4759217202663421,0.1767792701721191,0.488851249217987
0.4759217202663421,0.1767792701721191,0.488851249217987
0.4759217202663421,0.1767792701721191,0.488851249217987
0.4759217202663421,0.1767792701721191,0.488851249217987
0.4759217202663421,0.1767792701721191,0.488851249217987
0.4759217202663421,0.1767792701721191,0.488851249217987
0.4759217202663421,0.1767792701721191,0.488851249217987
0.4759217202663421,0.1767792701721191,0.488851249217987
0.4759217202663421,0.1767792701721191,0.488851249217987
0.4759217202663421,0.1767792701721191,0.488851249217987
0.4759217202663421,0.1767792701721191,0.488851249217987
0.4759217202663421,0.1767792701721191,0.488851249217987
0.4759217202663421,0.1767792701721191,0.488851249217987
0.4759217202663421,0.1767792701721191,0.488851249217987
0.4759217202663421,0.1767792701721191,0.488851249217987
0.4759217202663421,0.1767792701721191,0.488851249217987
0.4759217202663421,0.1767792701721191,0.488851249217987
0.4759217202663421,0.1767792701721191,0.488851249217987
0.4759217202663421,0.1767792701721191,0.488851249217987
0.4759217202663421,0.1767792701721191,0.488851249217987
0.4759217202663421,0.1767792701721191,0.488851249217987
0.4759217202663421,0.1767792701721191,0.488851249217987
0.4759217202663421,0.1767792701721191,0.488851249217987
0.4759217202663421,0.1767792701721191,0.488851249217987
0.4759217202663421,0.1767792701721191,0.488851249217987
0.4759217202663421,0.1767792701721191,0.488851249217987
0.4759217202663421,0.1767792701721191,0.488851249217987
0.4759217202663421,0.1767792701721191,0.488851249217987
0.4759217202663421,0.1767792701721191,0.488851249217987
0.4759217202663421,0.1767792701721191,0.488851249217987
0.4759217202663421,0.1767792701721191,0.488851249217987
0.4759217202663421,0.1767792701721191,0.488851249217987
0.4759217202663421,0.1767792701721191,0.488851249217987
0.4759217202663421,0.1767792701721191,0.488851249217987
0.4759217202663421,0.1767792701721191,0.488851249217987
0.4759217202663421,0.1767792701721191,0.488851249217987
0.4759217202663421,0.1767792701721191,0.488851249217987
0.4759217202663421,0.1767792701721191,0.488851249217987
0.4759217202663421,0.1767792701721191,0.488851249217987
0.4759217202663421,0.1767792701721191,0.488851249217987
0.4759217202663421,0.1767792701721191,0.488851249217987
0.4759217202663421,0.1767792701721191,0.488851249217987
0.4759217202663421,0.1767792701721191,0.488851249217987
0.4759217202663421,0.1767792701721191,0.488851249217987
0.4759217202663421,0.1767792701721191,0.488851249217987
0.4759217202663421,0.1767792701721191,0.488851249217987
0.4759217202663421,0.1767792701721191,0.488851249217987
0.4759217202663421,0.1767792701721191,0.488851249217987
0.4759217202663421,0.1767792701721191,0.488851249217987
0.4759217202663421,0.1767792701721191,0.488851249217987
0.5552899241447449,0.0693482756614685,0.2585084438323974
0.5552899241447449,0.0693482756614685,0.2585084438323974
0.5552899241447449,0.0693482756614685,0.2585084438323974
0.5552899241447449,0.0693482756614685,0.2585084438323974
0.5552899241447449,0.0693482756614685,0.2585084438323974
0.5552899241447449,0.0693482756614685,0.2585084438323974
0.5552899241447449,0.0693482756614685,0.2585084438323974
0.5552899241447449,0.0693482756614685,0.2585084438323974
0.5552899241447449,0.0693482756614685,0.2585084438323974
0.5552899241447449,0.0693482756614685,0.2585084438323974
0.5552899241447449,0.0693482756614685,0.2585084438323974
0.5552899241447449,0.0693482756614685,0.2585084438323974
0.5552899241447449,0.0693482756614685,0.2585084438323974
0.5552899241447449,0.0693482756614685,0.2585084438323974
0.5552899241447449,0.0693482756614685,0.2585084438323974
0.5552899241447449,0.0693482756614685,0.2585084438323974
0.5552899241447449,0.0693482756614685,0.2585084438323974
0.5552899241447449,0.0693482756614685,0.2585084438323974
0.5552899241447449,0.0693482756614685,0.2585084438323974
0.5552899241447449,0.0693482756614685,0.2585084438323974
0.5552899241447449,0.0693482756614685,0.2585084438323974
0.5552899241447449,0.0693482756614685,0.2585084438323974
0.5552899241447449,0.0693482756614685,0.2585084438323974
0.5552899241447449,0.0693482756614685,0.2585084438323974
0.5552899241447449,0.0693482756614685,0.2585084438323974
0.5552899241447449,0.0693482756614685,0.2585084438323974
0.5552899241447449,0.0693482756614685,0.2585084438323974
0.5552899241447449,0.0693482756614685,0.2585084438323974
0.5552899241447449,0.0693482756614685,0.2585084438323974
0.5552899241447449,0.0693482756614685,0.2585084438323974
0.5552899241447449,0.0693482756614685,0.2585084438323974
0.5552899241447449,0.0693482756614685,0.2585084438323974
0.5552899241447449,0.0693482756614685,0.2585084438323974
0.5552899241447449,0.0693482756614685,0.2585084438323974
0.5552899241447449,0.0693482756614685,0.2585084438323974
0.5552899241447449,0.0693482756614685,0.2585084438323974
0.5552899241447449,0.0693482756614685,0.2585084438323974
0.5552899241447449,0.0693482756614685,0.2585084438323974
0.5552899241447449,0.0693482756614685,0.2585084438323974
0.5552899241447449,0.0693482756614685,0.2585084438323974
0.5552899241447449,0.0693482756614685,0.2585084438323974
0.5552899241447449,0.0693482756614685,0.2585084438323974
0.5552899241447449,0.0693482756614685,0.2585084438323974
0.5552899241447449,0.0693482756614685,0.2585084438323974
0.5552899241447449,0.0693482756614685,0.2585084438323974
0.5552899241447449,0.0693482756614685,0.2585084438323974
0.5552899241447449,0.0693482756614685,0.2585084438323974
0.5552899241447449,0.0693482756614685,0.2585084438323974
0.5552899241447449,0.0693482756614685,0.2585084438323974
0.5552899241447449,0.0693482756614685,0.2585084438323974
0.5552899241447449,0.0693482756614685,0.2585084438323974
0.5552899241447449,0.0693482756614685,0.2585084438323974
0.5552899241447449,0.0693482756614685,0.2585084438323974
0.5552899241447449,0.0693482756614685,0.2585084438323974
0.5552899241447449,0.0693482756614685,0.2585084438323974
0.5552899241447449,0.0693482756614685,0.2585084438323974
0.5552899241447449,0.0693482756614685,0.2585084438323974
0.5552899241447449,0.0693482756614685,0.2585084438323974
0.5552899241447449,0.0693482756614685,0.2585084438323974
0.5552899241447449,0.0693482756614685,0.2585084438323974
0.5552899241447449,0.0693482756614685,0.2585084438323974
0.5552899241447449,0.0693482756614685,0.2585084438323974
0.5552899241447449,0.0693482756614685,0.2585084438323974
0.5552899241447449,0.0693482756614685,0.2585084438323974
0.5552899241447449,0.0693482756614685,0.2585084438323974
0.5552899241447449,0.0693482756614685,0.2585084438323974
0.5552899241447449,0.0693482756614685,0.2585084438323974
0.5552899241447449,0.0693482756614685,0.2585084438323974
0.5552899241447449,0.0693482756614685,0.2585084438323974
0.5552899241447449,0.0693482756614685,0.2585084438323974
0.5552899241447449,0.0693482756614685,0.2585084438323974
0.5552899241447449,0.0693482756614685,0.2585084438323974
0.5552899241447449,0.0693482756614685,0.2585084438323974
0.5552899241447449,0.0693482756614685,0.2585084438323974
0.5552899241447449,0.0693482756614685,0.2585084438323974
0.5552899241447449,0.0693482756614685,0.2585084438323974
0.5552899241447449,0.0693482756614685,0.2585084438323974
0.5552899241447449,0.0693482756614685,0.2585084438323974
0.5552899241447449,0.0693482756614685,0.2585084438323974
0.5552899241447449,0.0693482756614685,0.2585084438323974
0.5552899241447449,0.0693482756614685,0.2585084438323974
0.5552899241447449,0.0693482756614685,0.2585084438323974
0.5552899241447449,0.0693482756614685,0.2585084438323974
0.5552899241447449,0.0693482756614685,0.2585084438323974
0.5552899241447449,0.0693482756614685,0.2585084438323974
0.5552899241447449,0.0693482756614685,0.2585084438323974
0.5552899241447449,0.0693482756614685,0.2585084438323974
0.5552899241447449,0.0693482756614685,0.2585084438323974
0.5552899241447449,0.0693482756614685,0.2585084438323974
0.5552899241447449,0.0693482756614685,0.2585084438323974
0.5552899241447449,0.0693482756614685,0.2585084438323974
0.5552899241447449,0.0693482756614685,0.2585084438323974
0.5552899241447449,0.0693482756614685,0.2585084438323974
0.5552899241447449,0.0693482756614685,0.2585084438323974
0.5552899241447449,0.0693482756614685,0.2585084438323974
0.5552899241447449,0.0693482756614685,0.2585084438323974
0.5552899241447449,0.0693482756614685,0.2585084438323974
0.5552899241447449,0.0693482756614685,0.2585084438323974
0.5552899241447449,0.0693482756614685,0.2585084438323974
0.5552899241447449,0.0693482756614685,0.2585084438323974
0.517693817615509,0.2225669622421264,0.4543553590774536
0.517693817615509,0.2225669622421264,0.4543553590774536
0.517693817615509,0.2225669622421264,0.4543553590774536
0.517693817615509,0.2225669622421264,0.4543553590774536
0.517693817615509,0.2225669622421264,0.4543553590774536
0.517693817615509,0.2225669622421264,0.4543553590774536
0.517693817615509,0.2225669622421264,0.4543553590774536
0.517693817615509,0.2225669622421264,0.4543553590774536
0.517693817615509,0.2225669622421264,0.4543553590774536
0.517693817615509,0.2225669622421264,0.4543553590774536
0.517693817615509,0.2225669622421264,0.4543553590774536
0.517693817615509,0.2225669622421264,0.4543553590774536
0.517693817615509,0.2225669622421264,0.4543553590774536
0.517693817615509,0.2225669622421264,0.4543553590774536
0.517693817615509,0.2225669622421264,0.4543553590774536
0.517693817615509,0.2225669622421264,0.4543553590774536
0.517693817615509,0.2225669622421264,0.4543553590774536
0.517693817615509,0.2225669622421264,0.4543553590774536
0.517693817615509,0.2225669622421264,0.4543553590774536
0.517693817615509,0.2225669622421264,0.4543553590774536
0.517693817615509,0.2225669622421264,0.4543553590774536
0.517693817615509,0.2225669622421264,0.4543553590774536
0.517693817615509,0.2225669622421264,0.4543553590774536
0.517693817615509,0.2225669622421264,0.4543553590774536
0.517693817615509,0.2225669622421264,0.4543553590774536
0.517693817615509,0.2225669622421264,0.4543553590774536
0.517693817615509,0.2225669622421264,0.4543553590774536
0.517693817615509,0.2225669622421264,0.4543553590774536
0.517693817615509,0.2225669622421264,0.4543553590774536
0.517693817615509,0.2225669622421264,0.4543553590774536
0.517693817615509,0.2225669622421264,0.4543553590774536
0.517693817615509,0.2225669622421264,0.4543553590774536
0.517693817615509,0.2225669622421264,0.4543553590774536
0.517693817615509,0.2225669622421264,0.4543553590774536
0.517693817615509,0.2225669622421264,0.4543553590774536
0.517693817615509,0.2225669622421264,0.4543553590774536
0.517693817615509,0.2225669622421264,0.4543553590774536
0.517693817615509,0.2225669622421264,0.4543553590774536
0.517693817615509,0.2225669622421264,0.4543553590774536
0.517693817615509,0.2225669622421264,0.4543553590774536
0.517693817615509,0.2225669622421264,0.4543553590774536
0.517693817615509,0.2225669622421264,0.4543553590774536
0.517693817615509,0.2225669622421264,0.4543553590774536
0.517693817615509,0.2225669622421264,0.4543553590774536
0.517693817615509,0.2225669622421264,0.4543553590774536
0.517693817615509,0.2225669622421264,0.4543553590774536
0.517693817615509,0.2225669622421264,0.4543553590774536
0.517693817615509,0.2225669622421264,0.4543553590774536
0.517693817615509,0.2225669622421264,0.4543553590774536
0.517693817615509,0.2225669622421264,0.4543553590774536
0.517693817615509,0.2225669622421264,0.4543553590774536
0.517693817615509,0.2225669622421264,0.4543553590774536
0.517693817615509,0.2225669622421264,0.4543553590774536
0.517693817615509,0.2225669622421264,0.4543553590774536
0.517693817615509,0.2225669622421264,0.4543553590774536
0.517693817615509,0.2225669622421264,0.4543553590774536
0.517693817615509,0.2225669622421264,0.4543553590774536
0.517693817615509,0.2225669622421264,0.4543553590774536
0.517693817615509,0.2225669622421264,0.4543553590774536
0.517693817615509,0.2225669622421264,0.4543553590774536
0.517693817615509,0.2225669622421264,0.4543553590774536
0.517693817615509,0.2225669622421264,0.4543553590774536
0.517693817615509,0.2225669622421264,0.4543553590774536
0.517693817615509,0.2225669622421264,0.4543553590774536
0.517693817615509,0.2225669622421264,0.4543553590774536
0.517693817615509,0.2225669622421264,0.4543553590774536
0.517693817615509,0.2225669622421264,0.4543553590774536
0.517693817615509,0.2225669622421264,0.4543553590774536
0.517693817615509,0.2225669622421264,0.4543553590774536
0.517693817615509,0.2225669622421264,0.4543553590774536
0.517693817615509,0.2225669622421264,0.4543553590774536
0.517693817615509,0.2225669622421264,0.4543553590774536
0.517693817615509,0.2225669622421264,0.4543553590774536
0.517693817615509,0.2225669622421264,0.4543553590774536
0.517693817615509,0.2225669622421264,0.4543553590774536
0.517693817615509,0.2225669622421264,0.4543553590774536
0.517693817615509,0.2225669622421264,0.4543553590774536
0.517693817615509,0.2225669622421264,0.4543553590774536
0.517693817615509,0.2225669622421264,0.4543553590774536
0.517693817615509,0.2225669622421264,0.4543553590774536
0.517693817615509,0.2225669622421264,0.4543553590774536
0.517693817615509,0.2225669622421264,0.4543553590774536
0.517693817615509,0.2225669622421264,0.4543553590774536
0.517693817615509,0.2225669622421264,0.4543553590774536
0.517693817615509,0.2225669622421264,0.4543553590774536
0.517693817615509,0.2225669622421264,0.4543553590774536
0.517693817615509,0.2225669622421264,0.4543553590774536
0.517693817615509,0.2225669622421264,0.4543553590774536
0.517693817615509,0.2225669622421264,0.4543553590774536
0.517693817615509,0.2225669622421264,0.4543553590774536
0.517693817615509,0.2225669622421264,0.4543553590774536
0.517693817615509,0.2225669622421264,0.4543553590774536
0.517693817615509,0.2225669622421264,0.4543553590774536
0.517693817615509,0.2225669622421264,0.4543553590774536
0.517693817615509,0.2225669622421264,0.4543553590774536
0.517693817615509,0.2225669622421264,0.4543553590774536
0.517693817615509,0.2225669622421264,0.4543553590774536
0.517693817615509,0.2225669622421264,0.4543553590774536
0.517693817615509,0.2225669622421264,0.4543553590774536
0.517693817615509,0.2225669622421264,0.4543553590774536
0.5571397542953491,-0.0782719254493713,0.3513152003288269
0.5571397542953491,-0.0782719254493713,0.3513152003288269
0.5571397542953491,-0.0782719254493713,0.3513152003288269
0.5571397542953491,-0.0782719254493713,0.3513152003288269
0.5571397542953491,-0.0782719254493713,0.3513152003288269
0.5571397542953491,-0.0782719254493713,0.3513152003288269
0.5571397542953491,-0.0782719254493713,0.3513152003288269
0.5571397542953491,-0.0782719254493713,0.3513152003288269
0.5571397542953491,-0.0782719254493713,0.3513152003288269
0.5571397542953491,-0.0782719254493713,0.3513152003288269
0.5571397542953491,-0.0782719254493713,0.3513152003288269
0.5571397542953491,-0.0782719254493713,0.3513152003288269
0.5571397542953491,-0.0782719254493713,0.3513152003288269
0.5571397542953491,-0.0782719254493713,0.3513152003288269
0.5571397542953491,-0.0782719254493713,0.3513152003288269
0.5571397542953491,-0.0782719254493713,0.3513152003288269
0.5571397542953491,-0.0782719254493713,0.3513152003288269
0.5571397542953491,-0.0782719254493713,0.3513152003288269
0.5571397542953491,-0.0782719254493713,0.3513152003288269
0.5571397542953491,-0.0782719254493713,0.3513152003288269
0.5571397542953491,-0.0782719254493713,0.3513152003288269
0.5571397542953491,-0.0782719254493713,0.3513152003288269
0.5571397542953491,-0.0782719254493713,0.3513152003288269
0.5571397542953491,-0.0782719254493713,0.3513152003288269
0.5571397542953491,-0.0782719254493713,0.3513152003288269
0.5571397542953491,-0.0782719254493713,0.3513152003288269
0.5571397542953491,-0.0782719254493713,0.3513152003288269
0.5571397542953491,-0.0782719254493713,0.3513152003288269
0.5571397542953491,-0.0782719254493713,0.3513152003288269
0.5571397542953491,-0.0782719254493713,0.3513152003288269
0.5571397542953491,-0.0782719254493713,0.3513152003288269
0.5571397542953491,-0.0782719254493713,0.3513152003288269
0.5571397542953491,-0.0782719254493713,0.3513152003288269
0.5571397542953491,-0.0782719254493713,0.3513152003288269
0.5571397542953491,-0.0782719254493713,0.3513152003288269
0.5571397542953491,-0.0782719254493713,0.3513152003288269
0.5571397542953491,-0.0782719254493713,0.3513152003288269
0.5571397542953491,-0.0782719254493713,0.3513152003288269
0.5571397542953491,-0.0782719254493713,0.3513152003288269
0.5571397542953491,-0.0782719254493713,0.3513152003288269
0.5571397542953491,-0.0782719254493713,0.3513152003288269
0.5571397542953491,-0.0782719254493713,0.3513152003288269
0.5571397542953491,-0.0782719254493713,0.3513152003288269
0.5571397542953491,-0.0782719254493713,0.3513152003288269
0.5571397542953491,-0.0782719254493713,0.3513152003288269
0.5571397542953491,-0.0782719254493713,0.3513152003288269
0.5571397542953491,-0.0782719254493713,0.3513152003288269
0.5571397542953491,-0.0782719254493713,0.3513152003288269
0.5571397542953491,-0.0782719254493713,0.3513152003288269
0.5571397542953491,-0.0782719254493713,0.3513152003288269
0.5571397542953491,-0.0782719254493713,0.3513152003288269
0.5571397542953491,-0.0782719254493713,0.3513152003288269
0.5571397542953491,-0.0782719254493713,0.3513152003288269
0.5571397542953491,-0.0782719254493713,0.3513152003288269
0.5571397542953491,-0.0782719254493713,0.3513152003288269
0.5571397542953491,-0.0782719254493713,0.3513152003288269
0.5571397542953491,-0.0782719254493713,0.3513152003288269
0.5571397542953491,-0.0782719254493713,0.3513152003288269
0.5571397542953491,-0.0782719254493713,0.3513152003288269
0.5571397542953491,-0.0782719254493713,0.3513152003288269
0.5571397542953491,-0.0782719254493713,0.3513152003288269
0.5571397542953491,-0.0782719254493713,0.3513152003288269
0.5571397542953491,-0.0782719254493713,0.3513152003288269
0.5571397542953491,-0.0782719254493713,0.3513152003288269
0.5571397542953491,-0.0782719254493713,0.3513152003288269
0.5571397542953491,-0.0782719254493713,0.3513152003288269
0.5571397542953491,-0.0782719254493713,0.3513152003288269
0.5571397542953491,-0.0782719254493713,0.3513152003288269
0.5571397542953491,-0.0782719254493713,0.3513152003288269
0.5571397542953491,-0.0782719254493713,0.3513152003288269
0.5571397542953491,-0.0782719254493713,0.3513152003288269
0.5571397542953491,-0.0782719254493713,0.3513152003288269
0.5571397542953491,-0.0782719254493713,0.3513152003288269
0.5571397542953491,-0.0782719254493713,0.3513152003288269
0.5571397542953491,-0.0782719254493713,0.3513152003288269
0.5571397542953491,-0.0782719254493713,0.3513152003288269
0.5571397542953491,-0.0782719254493713,0.3513152003288269
0.5571397542953491,-0.0782719254493713,0.3513152003288269
0.5571397542953491,-0.0782719254493713,0.3513152003288269
0.5571397542953491,-0.0782719254493713,0.3513152003288269
0.5571397542953491,-0.0782719254493713,0.3513152003288269
0.5571397542953491,-0.0782719254493713,0.3513152003288269
0.5571397542953491,-0.0782719254493713,0.3513152003288269
0.5571397542953491,-0.0782719254493713,0.3513152003288269
0.5571397542953491,-0.0782719254493713,0.3513152003288269
0.5571397542953491,-0.0782719254493713,0.3513152003288269
0.5571397542953491,-0.0782719254493713,0.3513152003288269
0.5571397542953491,-0.0782719254493713,0.3513152003288269
0.5571397542953491,-0.0782719254493713,0.3513152003288269
0.5571397542953491,-0.0782719254493713,0.3513152003288269
0.5571397542953491,-0.0782719254493713,0.3513152003288269
0.5571397542953491,-0.0782719254493713,0.3513152003288269
0.5571397542953491,-0.0782719254493713,0.3513152003288269
0.5571397542953491,-0.0782719254493713,0.3513152003288269
0.5571397542953491,-0.0782719254493713,0.3513152003288269
0.5571397542953491,-0.0782719254493713,0.3513152003288269
0.5571397542953491,-0.0782719254493713,0.3513152003288269
0.5571397542953491,-0.0782719254493713,0.3513152003288269
0.5571397542953491,-0.0782719254493713,0.3513152003288269
0.5571397542953491,-0.0782719254493713,0.3513152003288269
0.4618132710456848,0.183016300201416,0.4471944272518158
0.4618132710456848,0.183016300201416,0.4471944272518158
0.4618132710456848,0.183016300201416,0.4471944272518158
0.4618132710456848,0.183016300201416,0.4471944272518158
0.4618132710456848,0.183016300201416,0.4471944272518158
0.4618132710456848,0.183016300201416,0.4471944272518158
0.4618132710456848,0.183016300201416,0.4471944272518158
0.4618132710456848,0.183016300201416,0.4471944272518158
0.4618132710456848,0.183016300201416,0.4471944272518158
0.4618132710456848,0.183016300201416,0.4471944272518158
0.4618132710456848,0.183016300201416,0.4471944272518158
0.4618132710456848,0.183016300201416,0.4471944272518158
0.4618132710456848,0.183016300201416,0.4471944272518158
0.4618132710456848,0.183016300201416,0.4471944272518158
0.4618132710456848,0.183016300201416,0.4471944272518158
0.4618132710456848,0.183016300201416,0.4471944272518158
0.4618132710456848,0.183016300201416,0.4471944272518158
0.4618132710456848,0.183016300201416,0.4471944272518158
0.4618132710456848,0.183016300201416,0.4471944272518158
0.4618132710456848,0.183016300201416,0.4471944272518158
0.4618132710456848,0.183016300201416,0.4471944272518158
0.4618132710456848,0.183016300201416,0.4471944272518158
0.4618132710456848,0.183016300201416,0.4471944272518158
0.4618132710456848,0.183016300201416,0.4471944272518158
0.4618132710456848,0.183016300201416,0.4471944272518158
0.4618132710456848,0.183016300201416,0.4471944272518158
0.4618132710456848,0.183016300201416,0.4471944272518158
0.4618132710456848,0.183016300201416,0.4471944272518158
0.4618132710456848,0.183016300201416,0.4471944272518158
0.4618132710456848,0.183016300201416,0.4471944272518158
0.4618132710456848,0.183016300201416,0.4471944272518158
0.4618132710456848,0.183016300201416,0.4471944272518158
0.4618132710456848,0.183016300201416,0.4471944272518158
0.4618132710456848,0.183016300201416,0.4471944272518158
0.4618132710456848,0.183016300201416,0.4471944272518158
0.4618132710456848,0.183016300201416,0.4471944272518158
0.4618132710456848,0.183016300201416,0.4471944272518158
0.4618132710456848,0.183016300201416,0.4471944272518158
0.4618132710456848,0.183016300201416,0.4471944272518158
0.4618132710456848,0.183016300201416,0.4471944272518158
0.4618132710456848,0.183016300201416,0.4471944272518158
0.4618132710456848,0.183016300201416,0.4471944272518158
0.4618132710456848,0.183016300201416,0.4471944272518158
0.4618132710456848,0.183016300201416,0.4471944272518158
0.4618132710456848,0.183016300201416,0.4471944272518158
0.4618132710456848,0.183016300201416,0.4471944272518158
0.4618132710456848,0.183016300201416,0.4471944272518158
0.4618132710456848,0.183016300201416,0.4471944272518158
0.4618132710456848,0.183016300201416,0.4471944272518158
0.4618132710456848,0.183016300201416,0.4471944272518158
0.4618132710456848,0.183016300201416,0.4471944272518158
0.4618132710456848,0.183016300201416,0.4471944272518158
0.4618132710456848,0.183016300201416,0.4471944272518158
0.4618132710456848,0.183016300201416,0.4471944272518158
0.4618132710456848,0.183016300201416,0.4471944272518158
0.4618132710456848,0.183016300201416,0.4471944272518158
0.4618132710456848,0.183016300201416,0.4471944272518158
0.4618132710456848,0.183016300201416,0.4471944272518158
0.4618132710456848,0.183016300201416,0.4471944272518158
0.4618132710456848,0.183016300201416,0.4471944272518158
0.4618132710456848,0.183016300201416,0.4471944272518158
0.4618132710456848,0.183016300201416,0.4471944272518158
0.4618132710456848,0.183016300201416,0.4471944272518158
0.4618132710456848,0.183016300201416,0.4471944272518158
0.4618132710456848,0.183016300201416,0.4471944272518158
0.4618132710456848,0.183016300201416,0.4471944272518158
0.4618132710456848,0.183016300201416,0.4471944272518158
0.4618132710456848,0.183016300201416,0.4471944272518158
0.4618132710456848,0.183016300201416,0.4471944272518158
0.4618132710456848,0.183016300201416,0.4471944272518158
0.4618132710456848,0.183016300201416,0.4471944272518158
0.4618132710456848,0.183016300201416,0.4471944272518158
0.4618132710456848,0.183016300201416,0.4471944272518158
0.4618132710456848,0.183016300201416,0.4471944272518158
0.4618132710456848,0.183016300201416,0.4471944272518158
0.4618132710456848,0.183016300201416,0.4471944272518158
0.4618132710456848,0.183016300201416,0.4471944272518158
0.4618132710456848,0.183016300201416,0.4471944272518158
0.4618132710456848,0.183016300201416,0.4471944272518158
0.4618132710456848,0.183016300201416,0.4471944272518158
0.4618132710456848,0.183016300201416,0.4471944272518158
0.4618132710456848,0.183016300201416,0.4471944272518158
0.4618132710456848,0.183016300201416,0.4471944272518158
0.4618132710456848,0.183016300201416,0.4471944272518158
0.4618132710456848,0.183016300201416,0.4471944272518158
0.4618132710456848,0.183016300201416,0.4471944272518158
0.4618132710456848,0.183016300201416,0.4471944272518158
0.4618132710456848,0.183016300201416,0.4471944272518158
0.4618132710456848,0.183016300201416,0.4471944272518158
0.4618132710456848,0.183016300201416,0.4471944272518158
0.4618132710456848,0.183016300201416,0.4471944272518158
0.4618132710456848,0.183016300201416,0.4471944272518158
0.4618132710456848,0.183016300201416,0.4471944272518158
0.4618132710456848,0.183016300201416,0.4471944272518158
0.4618132710456848,0.183016300201416,0.4471944272518158
0.4618132710456848,0.183016300201416,0.4471944272518158
0.4618132710456848,0.183016300201416,0.4471944272518158
0.4618132710456848,0.183016300201416,0.4471944272518158
0.4618132710456848,0.183016300201416,0.4471944272518158
0.4618132710456848,0.183016300201416,0.4471944272518158
0.5438380241394043,0.0686818957328796,0.4828217625617981
0.5438380241394043,0.0686818957328796,0.4828217625617981
0.5438380241394043,0.0686818957328796,0.4828217625617981
0.5438380241394043,0.0686818957328796,0.4828217625617981
0.5438380241394043,0.0686818957328796,0.4828217625617981
0.5438380241394043,0.0686818957328796,0.4828217625617981
0.5438380241394043,0.0686818957328796,0.4828217625617981
0.5438380241394043,0.0686818957328796,0.4828217625617981
0.5438380241394043,0.0686818957328796,0.4828217625617981
0.5438380241394043,0.0686818957328796,0.4828217625617981
0.5438380241394043,0.0686818957328796,0.4828217625617981
0.5438380241394043,0.0686818957328796,0.4828217625617981
0.5438380241394043,0.0686818957328796,0.4828217625617981
0.5438380241394043,0.0686818957328796,0.4828217625617981
0.5438380241394043,0.0686818957328796,0.4828217625617981
0.5438380241394043,0.0686818957328796,0.4828217625617981
0.5438380241394043,0.0686818957328796,0.4828217625617981
0.5438380241394043,0.0686818957328796,0.4828217625617981
0.5438380241394043,0.0686818957328796,0.4828217625617981
0.5438380241394043,0.0686818957328796,0.4828217625617981
0.5438380241394043,0.0686818957328796,0.4828217625617981
0.5438380241394043,0.0686818957328796,0.4828217625617981
0.5438380241394043,0.0686818957328796,0.4828217625617981
0.5438380241394043,0.0686818957328796,0.4828217625617981
0.5438380241394043,0.0686818957328796,0.4828217625617981
0.5438380241394043,0.0686818957328796,0.4828217625617981
0.5438380241394043,0.0686818957328796,0.4828217625617981
0.5438380241394043,0.0686818957328796,0.4828217625617981
0.5438380241394043,0.0686818957328796,0.4828217625617981
0.5438380241394043,0.0686818957328796,0.4828217625617981
0.5438380241394043,0.0686818957328796,0.4828217625617981
0.5438380241394043,0.0686818957328796,0.4828217625617981
0.5438380241394043,0.0686818957328796,0.4828217625617981
0.5438380241394043,0.0686818957328796,0.4828217625617981
0.5438380241394043,0.0686818957328796,0.4828217625617981
0.5438380241394043,0.0686818957328796,0.4828217625617981
0.5438380241394043,0.0686818957328796,0.4828217625617981
0.5438380241394043,0.0686818957328796,0.4828217625617981
0.5438380241394043,0.0686818957328796,0.4828217625617981
0.5438380241394043,0.0686818957328796,0.4828217625617981
0.5438380241394043,0.0686818957328796,0.4828217625617981
0.5438380241394043,0.0686818957328796,0.4828217625617981
0.5438380241394043,0.0686818957328796,0.4828217625617981
0.5438380241394043,0.0686818957328796,0.4828217625617981
0.5438380241394043,0.0686818957328796,0.4828217625617981
0.5438380241394043,0.0686818957328796,0.4828217625617981
0.5438380241394043,0.0686818957328796,0.4828217625617981
0.5438380241394043,0.0686818957328796,0.4828217625617981
0.5438380241394043,0.0686818957328796,0.4828217625617981
0.5438380241394043,0.0686818957328796,0.4828217625617981
0.5438380241394043,0.0686818957328796,0.4828217625617981
0.5438380241394043,0.0686818957328796,0.4828217625617981
0.5438380241394043,0.0686818957328796,0.4828217625617981
0.5438380241394043,0.0686818957328796,0.4828217625617981
0.5438380241394043,0.0686818957328796,0.4828217625617981
0.5438380241394043,0.0686818957328796,0.4828217625617981
0.5438380241394043,0.0686818957328796,0.4828217625617981
0.5438380241394043,0.0686818957328796,0.4828217625617981
0.5438380241394043,0.0686818957328796,0.4828217625617981
0.5438380241394043,0.0686818957328796,0.4828217625617981
0.5438380241394043,0.0686818957328796,0.4828217625617981
0.5438380241394043,0.0686818957328796,0.4828217625617981
0.5438380241394043,0.0686818957328796,0.4828217625617981
0.5438380241394043,0.0686818957328796,0.4828217625617981
0.5438380241394043,0.0686818957328796,0.4828217625617981
0.5438380241394043,0.0686818957328796,0.4828217625617981
0.5438380241394043,0.0686818957328796,0.4828217625617981
0.5438380241394043,0.0686818957328796,0.4828217625617981
0.5438380241394043,0.0686818957328796,0.4828217625617981
0.5438380241394043,0.0686818957328796,0.4828217625617981
0.5438380241394043,0.0686818957328796,0.4828217625617981
0.5438380241394043,0.0686818957328796,0.4828217625617981
0.5438380241394043,0.0686818957328796,0.4828217625617981
0.5438380241394043,0.0686818957328796,0.4828217625617981
0.5438380241394043,0.0686818957328796,0.4828217625617981
0.5438380241394043,0.0686818957328796,0.4828217625617981
0.5438380241394043,0.0686818957328796,0.4828217625617981
0.5438380241394043,0.0686818957328796,0.4828217625617981
0.5438380241394043,0.0686818957328796,0.4828217625617981
0.5438380241394043,0.0686818957328796,0.4828217625617981
0.5438380241394043,0.0686818957328796,0.4828217625617981
0.5438380241394043,0.0686818957328796,0.4828217625617981
0.5438380241394043,0.0686818957328796,0.4828217625617981
0.5438380241394043,0.0686818957328796,0.4828217625617981
0.5438380241394043,0.0686818957328796,0.4828217625617981
0.5438380241394043,0.0686818957328796,0.4828217625617981
0.5438380241394043,0.0686818957328796,0.4828217625617981
0.5438380241394043,0.0686818957328796,0.4828217625617981
0.5438380241394043,0.0686818957328796,0.4828217625617981
0.5438380241394043,0.0686818957328796,0.4828217625617981
0.5438380241394043,0.0686818957328796,0.4828217625617981
0.5438380241394043,0.0686818957328796,0.4828217625617981
0.5438380241394043,0.0686818957328796,0.4828217625617981
0.5438380241394043,0.0686818957328796,0.4828217625617981
0.5438380241394043,0.0686818957328796,0.4828217625617981
0.5438380241394043,0.0686818957328796,0.4828217625617981
0.5438380241394043,0.0686818957328796,0.4828217625617981
0.5438380241394043,0.0686818957328796,0.4828217625617981
0.5438380241394043,0.0686818957328796,0.4828217625617981
0.5130587816238403,-0.1327902376651764,0.4663919806480407
0.5130587816238403,-0.1327902376651764,0.4663919806480407
0.5130587816238403,-0.1327902376651764,0.4663919806480407
0.5130587816238403,-0.1327902376651764,0.4663919806480407
0.5130587816238403,-0.1327902376651764,0.4663919806480407
0.5130587816238403,-0.1327902376651764,0.4663919806480407
0.5130587816238403,-0.1327902376651764,0.4663919806480407
0.5130587816238403,-0.1327902376651764,0.4663919806480407
0.5130587816238403,-0.1327902376651764,0.4663919806480407
0.5130587816238403,-0.1327902376651764,0.4663919806480407
0.5130587816238403,-0.1327902376651764,0.4663919806480407
0.5130587816238403,-0.1327902376651764,0.4663919806480407
0.5130587816238403,-0.1327902376651764,0.4663919806480407
0.5130587816238403,-0.1327902376651764,0.4663919806480407
0.5130587816238403,-0.1327902376651764,0.4663919806480407
0.5130587816238403,-0.1327902376651764,0.4663919806480407
0.5130587816238403,-0.1327902376651764,0.4663919806480407
0.5130587816238403,-0.1327902376651764,0.4663919806480407
0.5130587816238403,-0.1327902376651764,0.4663919806480407
0.5130587816238403,-0.1327902376651764,0.4663919806480407
0.5130587816238403,-0.1327902376651764,0.4663919806480407
0.5130587816238403,-0.1327902376651764,0.4663919806480407
0.5130587816238403,-0.1327902376651764,0.4663919806480407
0.5130587816238403,-0.1327902376651764,0.4663919806480407
0.5130587816238403,-0.1327902376651764,0.4663919806480407
0.5130587816238403,-0.1327902376651764,0.4663919806480407
0.5130587816238403,-0.1327902376651764,0.4663919806480407
0.5130587816238403,-0.1327902376651764,0.4663919806480407
0.5130587816238403,-0.1327902376651764,0.4663919806480407
0.5130587816238403,-0.1327902376651764,0.4663919806480407
0.5130587816238403,-0.1327902376651764,0.4663919806480407
0.5130587816238403,-0.1327902376651764,0.4663919806480407
0.5130587816238403,-0.1327902376651764,0.4663919806480407
0.5130587816238403,-0.1327902376651764,0.4663919806480407
0.5130587816238403,-0.1327902376651764,0.4663919806480407
0.5130587816238403,-0.1327902376651764,0.4663919806480407
0.5130587816238403,-0.1327902376651764,0.4663919806480407
0.5130587816238403,-0.1327902376651764,0.4663919806480407
0.5130587816238403,-0.1327902376651764,0.4663919806480407
0.5130587816238403,-0.1327902376651764,0.4663919806480407
0.5130587816238403,-0.1327902376651764,0.4663919806480407
0.5130587816238403,-0.1327902376651764,0.4663919806480407
0.5130587816238403,-0.1327902376651764,0.4663919806480407
0.5130587816238403,-0.1327902376651764,0.4663919806480407
0.5130587816238403,-0.1327902376651764,0.4663919806480407
0.5130587816238403,-0.1327902376651764,0.4663919806480407
0.5130587816238403,-0.1327902376651764,0.4663919806480407
0.5130587816238403,-0.1327902376651764,0.4663919806480407
0.5130587816238403,-0.1327902376651764,0.4663919806480407
0.5130587816238403,-0.1327902376651764,0.4663919806480407
0.5130587816238403,-0.1327902376651764,0.4663919806480407
0.5130587816238403,-0.1327902376651764,0.4663919806480407
0.5130587816238403,-0.1327902376651764,0.4663919806480407
0.5130587816238403,-0.1327902376651764,0.4663919806480407
0.5130587816238403,-0.1327902376651764,0.4663919806480407
0.5130587816238403,-0.1327902376651764,0.4663919806480407
0.5130587816238403,-0.1327902376651764,0.4663919806480407
0.5130587816238403,-0.1327902376651764,0.4663919806480407
0.5130587816238403,-0.1327902376651764,0.4663919806480407
0.5130587816238403,-0.1327902376651764,0.4663919806480407
0.5130587816238403,-0.1327902376651764,0.4663919806480407
0.5130587816238403,-0.1327902376651764,0.4663919806480407
0.5130587816238403,-0.1327902376651764,0.4663919806480407
0.5130587816238403,-0.1327902376651764,0.4663919806480407
0.5130587816238403,-0.1327902376651764,0.4663919806480407
0.5130587816238403,-0.1327902376651764,0.4663919806480407
0.5130587816238403,-0.1327902376651764,0.4663919806480407
0.5130587816238403,-0.1327902376651764,0.4663919806480407
0.5130587816238403,-0.1327902376651764,0.4663919806480407
0.5130587816238403,-0.1327902376651764,0.4663919806480407
0.5130587816238403,-0.1327902376651764,0.4663919806480407
0.5130587816238403,-0.1327902376651764,0.4663919806480407
0.5130587816238403,-0.1327902376651764,0.4663919806480407
0.5130587816238403,-0.1327902376651764,0.4663919806480407
0.5130587816238403,-0.1327902376651764,0.4663919806480407
0.5130587816238403,-0.1327902376651764,0.4663919806480407
0.5130587816238403,-0.1327902376651764,0.4663919806480407
0.5130587816238403,-0.1327902376651764,0.4663919806480407
0.5130587816238403,-0.1327902376651764,0.4663919806480407
0.5130587816238403,-0.1327902376651764,0.4663919806480407
0.5130587816238403,-0.1327902376651764,0.4663919806480407
0.5130587816238403,-0.1327902376651764,0.4663919806480407
0.5130587816238403,-0.1327902376651764,0.4663919806480407
0.5130587816238403,-0.1327902376651764,0.4663919806480407
0.5130587816238403,-0.1327902376651764,0.4663919806480407
0.5130587816238403,-0.1327902376651764,0.4663919806480407
0.5130587816238403,-0.1327902376651764,0.4663919806480407
0.5130587816238403,-0.1327902376651764,0.4663919806480407
0.5130587816238403,-0.1327902376651764,0.4663919806480407
0.5130587816238403,-0.1327902376651764,0.4663919806480407
0.5130587816238403,-0.1327902376651764,0.4663919806480407
0.5130587816238403,-0.1327902376651764,0.4663919806480407
0.5130587816238403,-0.1327902376651764,0.4663919806480407
0.5130587816238403,-0.1327902376651764,0.4663919806480407
0.5130587816238403,-0.1327902376651764,0.4663919806480407
0.5130587816238403,-0.1327902376651764,0.4663919806480407
0.5130587816238403,-0.1327902376651764,0.4663919806480407
0.5130587816238403,-0.1327902376651764,0.4663919806480407
0.5130587816238403,-0.1327902376651764,0.4663919806480407
0.5130587816238403,-0.1327902376651764,0.4663919806480407
0.4711372554302215,0.2441901564598083,0.4028689265251159
0.4711372554302215,0.2441901564598083,0.4028689265251159
0.4711372554302215,0.2441901564598083,0.4028689265251159
0.4711372554302215,0.2441901564598083,0.4028689265251159
0.4711372554302215,0.2441901564598083,0.4028689265251159
0.4711372554302215,0.2441901564598083,0.4028689265251159
0.4711372554302215,0.2441901564598083,0.4028689265251159
0.4711372554302215,0.2441901564598083,0.4028689265251159
0.4711372554302215,0.2441901564598083,0.4028689265251159
0.4711372554302215,0.2441901564598083,0.4028689265251159
0.4711372554302215,0.2441901564598083,0.4028689265251159
0.4711372554302215,0.2441901564598083,0.4028689265251159
0.4711372554302215,0.2441901564598083,0.4028689265251159
0.4711372554302215,0.2441901564598083,0.4028689265251159
0.4711372554302215,0.2441901564598083,0.4028689265251159
0.4711372554302215,0.2441901564598083,0.4028689265251159
0.4711372554302215,0.2441901564598083,0.4028689265251159
0.4711372554302215,0.2441901564598083,0.4028689265251159
0.4711372554302215,0.2441901564598083,0.4028689265251159
0.4711372554302215,0.2441901564598083,0.4028689265251159
0.4711372554302215,0.2441901564598083,0.4028689265251159
0.4711372554302215,0.2441901564598083,0.4028689265251159
0.4711372554302215,0.2441901564598083,0.4028689265251159
0.4711372554302215,0.2441901564598083,0.4028689265251159
0.4711372554302215,0.2441901564598083,0.4028689265251159
0.4711372554302215,0.2441901564598083,0.4028689265251159
0.4711372554302215,0.2441901564598083,0.4028689265251159
0.4711372554302215,0.2441901564598083,0.4028689265251159
0.4711372554302215,0.2441901564598083,0.4028689265251159
0.4711372554302215,0.2441901564598083,0.4028689265251159
0.4711372554302215,0.2441901564598083,0.4028689265251159
0.4711372554302215,0.2441901564598083,0.4028689265251159
0.4711372554302215,0.2441901564598083,0.4028689265251159
0.4711372554302215,0.2441901564598083,0.4028689265251159
0.4711372554302215,0.2441901564598083,0.4028689265251159
0.4711372554302215,0.2441901564598083,0.4028689265251159
0.4711372554302215,0.2441901564598083,0.4028689265251159
0.4711372554302215,0.2441901564598083,0.4028689265251159
0.4711372554302215,0.2441901564598083,0.4028689265251159
0.4711372554302215,0.2441901564598083,0.4028689265251159
0.4711372554302215,0.2441901564598083,0.4028689265251159
0.4711372554302215,0.2441901564598083,0.4028689265251159
0.4711372554302215,0.2441901564598083,0.4028689265251159
0.4711372554302215,0.2441901564598083,0.4028689265251159
0.4711372554302215,0.2441901564598083,0.4028689265251159
0.4711372554302215,0.2441901564598083,0.4028689265251159
0.4711372554302215,0.2441901564598083,0.4028689265251159
0.4711372554302215,0.2441901564598083,0.4028689265251159
0.4711372554302215,0.2441901564598083,0.4028689265251159
0.4711372554302215,0.2441901564598083,0.4028689265251159
0.4711372554302215,0.2441901564598083,0.4028689265251159
0.4711372554302215,0.2441901564598083,0.4028689265251159
0.4711372554302215,0.2441901564598083,0.4028689265251159
0.4711372554302215,0.2441901564598083,0.4028689265251159
0.4711372554302215,0.2441901564598083,0.4028689265251159
0.4711372554302215,0.2441901564598083,0.4028689265251159
0.4711372554302215,0.2441901564598083,0.4028689265251159
0.4711372554302215,0.2441901564598083,0.4028689265251159
0.4711372554302215,0.2441901564598083,0.4028689265251159
0.4711372554302215,0.2441901564598083,0.4028689265251159
0.4711372554302215,0.2441901564598083,0.4028689265251159
0.4711372554302215,0.2441901564598083,0.4028689265251159
0.4711372554302215,0.2441901564598083,0.4028689265251159
0.4711372554302215,0.2441901564598083,0.4028689265251159
0.4711372554302215,0.2441901564598083,0.4028689265251159
0.4711372554302215,0.2441901564598083,0.4028689265251159
0.4711372554302215,0.2441901564598083,0.4028689265251159
0.4711372554302215,0.2441901564598083,0.4028689265251159
0.4711372554302215,0.2441901564598083,0.4028689265251159
0.4711372554302215,0.2441901564598083,0.4028689265251159
0.4711372554302215,0.2441901564598083,0.4028689265251159
0.4711372554302215,0.2441901564598083,0.4028689265251159
0.4711372554302215,0.2441901564598083,0.4028689265251159
0.4711372554302215,0.2441901564598083,0.4028689265251159
0.4711372554302215,0.2441901564598083,0.4028689265251159
0.4711372554302215,0.2441901564598083,0.4028689265251159
0.4711372554302215,0.2441901564598083,0.4028689265251159
0.4711372554302215,0.2441901564598083,0.4028689265251159
0.4711372554302215,0.2441901564598083,0.4028689265251159
0.4711372554302215,0.2441901564598083,0.4028689265251159
0.4711372554302215,0.2441901564598083,0.4028689265251159
0.4711372554302215,0.2441901564598083,0.4028689265251159
0.4711372554302215,0.2441901564598083,0.4028689265251159
0.4711372554302215,0.2441901564598083,0.4028689265251159
0.4711372554302215,0.2441901564598083,0.4028689265251159
0.4711372554302215,0.2441901564598083,0.4028689265251159
0.4711372554302215,0.2441901564598083,0.4028689265251159
0.4711372554302215,0.2441901564598083,0.4028689265251159
0.4711372554302215,0.2441901564598083,0.4028689265251159
0.4711372554302215,0.2441901564598083,0.4028689265251159
0.4711372554302215,0.2441901564598083,0.4028689265251159
0.4711372554302215,0.2441901564598083,0.4028689265251159
0.4711372554302215,0.2441901564598083,0.4028689265251159
0.4711372554302215,0.2441901564598083,0.4028689265251159
0.4711372554302215,0.2441901564598083,0.4028689265251159
0.4711372554302215,0.2441901564598083,0.4028689265251159
0.4711372554302215,0.2441901564598083,0.4028689265251159
0.4711372554302215,0.2441901564598083,0.4028689265251159
0.4711372554302215,0.2441901564598083,0.4028689265251159
0.4711372554302215,0.2441901564598083,0.4028689265251159
0.4558240473270416,0.2028434872627258,0.4636354744434356
0.4558240473270416,0.2028434872627258,0.4636354744434356
0.4558240473270416,0.2028434872627258,0.4636354744434356
0.4558240473270416,0.2028434872627258,0.4636354744434356
0.4558240473270416,0.2028434872627258,0.4636354744434356
0.4558240473270416,0.2028434872627258,0.4636354744434356
0.4558240473270416,0.2028434872627258,0.4636354744434356
0.4558240473270416,0.2028434872627258,0.4636354744434356
0.4558240473270416,0.2028434872627258,0.4636354744434356
0.4558240473270416,0.2028434872627258,0.4636354744434356
0.4558240473270416,0.2028434872627258,0.4636354744434356
0.4558240473270416,0.2028434872627258,0.4636354744434356
0.4558240473270416,0.2028434872627258,0.4636354744434356
0.4558240473270416,0.2028434872627258,0.4636354744434356
0.4558240473270416,0.2028434872627258,0.4636354744434356
0.4558240473270416,0.2028434872627258,0.4636354744434356
0.4558240473270416,0.2028434872627258,0.4636354744434356
0.4558240473270416,0.2028434872627258,0.4636354744434356
0.4558240473270416,0.2028434872627258,0.4636354744434356
0.4558240473270416,0.2028434872627258,0.4636354744434356
0.4558240473270416,0.2028434872627258,0.4636354744434356
0.4558240473270416,0.2028434872627258,0.4636354744434356
0.4558240473270416,0.2028434872627258,0.4636354744434356
0.4558240473270416,0.2028434872627258,0.4636354744434356
0.4558240473270416,0.2028434872627258,0.4636354744434356
0.4558240473270416,0.2028434872627258,0.4636354744434356
0.4558240473270416,0.2028434872627258,0.4636354744434356
0.4558240473270416,0.2028434872627258,0.4636354744434356
0.4558240473270416,0.2028434872627258,0.4636354744434356
0.4558240473270416,0.2028434872627258,0.4636354744434356
0.4558240473270416,0.2028434872627258,0.4636354744434356
0.4558240473270416,0.2028434872627258,0.4636354744434356
0.4558240473270416,0.2028434872627258,0.4636354744434356
0.4558240473270416,0.2028434872627258,0.4636354744434356
0.4558240473270416,0.2028434872627258,0.4636354744434356
0.4558240473270416,0.2028434872627258,0.4636354744434356
0.4558240473270416,0.2028434872627258,0.4636354744434356
0.4558240473270416,0.2028434872627258,0.4636354744434356
0.4558240473270416,0.2028434872627258,0.4636354744434356
0.4558240473270416,0.2028434872627258,0.4636354744434356
0.4558240473270416,0.2028434872627258,0.4636354744434356
0.4558240473270416,0.2028434872627258,0.4636354744434356
0.4558240473270416,0.2028434872627258,0.4636354744434356
0.4558240473270416,0.2028434872627258,0.4636354744434356
0.4558240473270416,0.2028434872627258,0.4636354744434356
0.4558240473270416,0.2028434872627258,0.4636354744434356
0.4558240473270416,0.2028434872627258,0.4636354744434356
0.4558240473270416,0.2028434872627258,0.4636354744434356
0.4558240473270416,0.2028434872627258,0.4636354744434356
0.4558240473270416,0.2028434872627258,0.4636354744434356
0.4558240473270416,0.2028434872627258,0.4636354744434356
0.4558240473270416,0.2028434872627258,0.4636354744434356
0.4558240473270416,0.2028434872627258,0.4636354744434356
0.4558240473270416,0.2028434872627258,0.4636354744434356
0.4558240473270416,0.2028434872627258,0.4636354744434356
0.4558240473270416,0.2028434872627258,0.4636354744434356
0.4558240473270416,0.2028434872627258,0.4636354744434356
0.4558240473270416,0.2028434872627258,0.4636354744434356
0.4558240473270416,0.2028434872627258,0.4636354744434356
0.4558240473270416,0.2028434872627258,0.4636354744434356
0.4558240473270416,0.2028434872627258,0.4636354744434356
0.4558240473270416,0.2028434872627258,0.4636354744434356
0.4558240473270416,0.2028434872627258,0.4636354744434356
0.4558240473270416,0.2028434872627258,0.4636354744434356
0.4558240473270416,0.2028434872627258,0.4636354744434356
0.4558240473270416,0.2028434872627258,0.4636354744434356
0.4558240473270416,0.2028434872627258,0.4636354744434356
0.4558240473270416,0.2028434872627258,0.4636354744434356
0.4558240473270416,0.2028434872627258,0.4636354744434356
0.4558240473270416,0.2028434872627258,0.4636354744434356
0.4558240473270416,0.2028434872627258,0.4636354744434356
0.4558240473270416,0.2028434872627258,0.4636354744434356
0.4558240473270416,0.2028434872627258,0.4636354744434356
0.4558240473270416,0.2028434872627258,0.4636354744434356
0.4558240473270416,0.2028434872627258,0.4636354744434356
0.4558240473270416,0.2028434872627258,0.4636354744434356
0.4558240473270416,0.2028434872627258,0.4636354744434356
0.4558240473270416,0.2028434872627258,0.4636354744434356
0.4558240473270416,0.2028434872627258,0.4636354744434356
0.4558240473270416,0.2028434872627258,0.4636354744434356
0.4558240473270416,0.2028434872627258,0.4636354744434356
0.4558240473270416,0.2028434872627258,0.4636354744434356
0.4558240473270416,0.2028434872627258,0.4636354744434356
0.4558240473270416,0.2028434872627258,0.4636354744434356
0.4558240473270416,0.2028434872627258,0.4636354744434356
0.4558240473270416,0.2028434872627258,0.4636354744434356
0.4558240473270416,0.2028434872627258,0.4636354744434356
0.4558240473270416,0.2028434872627258,0.4636354744434356
0.4558240473270416,0.2028434872627258,0.4636354744434356
0.4558240473270416,0.2028434872627258,0.4636354744434356
0.4558240473270416,0.2028434872627258,0.4636354744434356
0.4558240473270416,0.2028434872627258,0.4636354744434356
0.4558240473270416,0.2028434872627258,0.4636354744434356
0.4558240473270416,0.2028434872627258,0.4636354744434356
0.4558240473270416,0.2028434872627258,0.4636354744434356
0.4558240473270416,0.2028434872627258,0.4636354744434356
0.4558240473270416,0.2028434872627258,0.4636354744434356
0.4558240473270416,0.2028434872627258,0.4636354744434356
0.4558240473270416,0.2028434872627258,0.4636354744434356
0.4558240473270416,0.2028434872627258,0.4636354744434356
0.5032981634140015,0.0423032641410827,0.3401231169700622
0.5032981634140015,0.0423032641410827,0.3401231169700622
0.5032981634140015,0.0423032641410827,0.3401231169700622
0.5032981634140015,0.0423032641410827,0.3401231169700622
0.5032981634140015,0.0423032641410827,0.3401231169700622
0.5032981634140015,0.0423032641410827,0.3401231169700622
0.5032981634140015,0.0423032641410827,0.3401231169700622
0.5032981634140015,0.0423032641410827,0.3401231169700622
0.5032981634140015,0.0423032641410827,0.3401231169700622
0.5032981634140015,0.0423032641410827,0.3401231169700622
0.5032981634140015,0.0423032641410827,0.3401231169700622
0.5032981634140015,0.0423032641410827,0.3401231169700622
0.5032981634140015,0.0423032641410827,0.3401231169700622
0.5032981634140015,0.0423032641410827,0.3401231169700622
0.5032981634140015,0.0423032641410827,0.3401231169700622
0.5032981634140015,0.0423032641410827,0.3401231169700622
0.5032981634140015,0.0423032641410827,0.3401231169700622
0.5032981634140015,0.0423032641410827,0.3401231169700622
0.5032981634140015,0.0423032641410827,0.3401231169700622
0.5032981634140015,0.0423032641410827,0.3401231169700622
0.5032981634140015,0.0423032641410827,0.3401231169700622
0.5032981634140015,0.0423032641410827,0.3401231169700622
0.5032981634140015,0.0423032641410827,0.3401231169700622
0.5032981634140015,0.0423032641410827,0.3401231169700622
0.5032981634140015,0.0423032641410827,0.3401231169700622
0.5032981634140015,0.0423032641410827,0.3401231169700622
0.5032981634140015,0.0423032641410827,0.3401231169700622
0.5032981634140015,0.0423032641410827,0.3401231169700622
0.5032981634140015,0.0423032641410827,0.3401231169700622
0.5032981634140015,0.0423032641410827,0.3401231169700622
0.5032981634140015,0.0423032641410827,0.3401231169700622
0.5032981634140015,0.0423032641410827,0.3401231169700622
0.5032981634140015,0.0423032641410827,0.3401231169700622
0.5032981634140015,0.0423032641410827,0.3401231169700622
0.5032981634140015,0.0423032641410827,0.3401231169700622
0.5032981634140015,0.0423032641410827,0.3401231169700622
0.5032981634140015,0.0423032641410827,0.3401231169700622
0.5032981634140015,0.0423032641410827,0.3401231169700622
0.5032981634140015,0.0423032641410827,0.3401231169700622
0.5032981634140015,0.0423032641410827,0.3401231169700622
0.5032981634140015,0.0423032641410827,0.3401231169700622
0.5032981634140015,0.0423032641410827,0.3401231169700622
0.5032981634140015,0.0423032641410827,0.3401231169700622
0.5032981634140015,0.0423032641410827,0.3401231169700622
0.5032981634140015,0.0423032641410827,0.3401231169700622
0.5032981634140015,0.0423032641410827,0.3401231169700622
0.5032981634140015,0.0423032641410827,0.3401231169700622
0.5032981634140015,0.0423032641410827,0.3401231169700622
0.5032981634140015,0.0423032641410827,0.3401231169700622
0.5032981634140015,0.0423032641410827,0.3401231169700622
0.5032981634140015,0.0423032641410827,0.3401231169700622
0.5032981634140015,0.0423032641410827,0.3401231169700622
0.5032981634140015,0.0423032641410827,0.3401231169700622
0.5032981634140015,0.0423032641410827,0.3401231169700622
0.5032981634140015,0.0423032641410827,0.3401231169700622
0.5032981634140015,0.0423032641410827,0.3401231169700622
0.5032981634140015,0.0423032641410827,0.3401231169700622
0.5032981634140015,0.0423032641410827,0.3401231169700622
0.5032981634140015,0.0423032641410827,0.3401231169700622
0.5032981634140015,0.0423032641410827,0.3401231169700622
0.5032981634140015,0.0423032641410827,0.3401231169700622
0.5032981634140015,0.0423032641410827,0.3401231169700622
0.5032981634140015,0.0423032641410827,0.3401231169700622
0.5032981634140015,0.0423032641410827,0.3401231169700622
0.5032981634140015,0.0423032641410827,0.3401231169700622
0.5032981634140015,0.0423032641410827,0.3401231169700622
0.5032981634140015,0.0423032641410827,0.3401231169700622
0.5032981634140015,0.0423032641410827,0.3401231169700622
0.5032981634140015,0.0423032641410827,0.3401231169700622
0.5032981634140015,0.0423032641410827,0.3401231169700622
0.5032981634140015,0.0423032641410827,0.3401231169700622
0.5032981634140015,0.0423032641410827,0.3401231169700622
0.5032981634140015,0.0423032641410827,0.3401231169700622
0.5032981634140015,0.0423032641410827,0.3401231169700622
0.5032981634140015,0.0423032641410827,0.3401231169700622
0.5032981634140015,0.0423032641410827,0.3401231169700622
0.5032981634140015,0.0423032641410827,0.3401231169700622
0.5032981634140015,0.0423032641410827,0.3401231169700622
0.5032981634140015,0.0423032641410827,0.3401231169700622
0.5032981634140015,0.0423032641410827,0.3401231169700622
0.5032981634140015,0.0423032641410827,0.3401231169700622
0.5032981634140015,0.0423032641410827,0.3401231169700622
0.5032981634140015,0.0423032641410827,0.3401231169700622
0.5032981634140015,0.0423032641410827,0.3401231169700622
0.5032981634140015,0.0423032641410827,0.3401231169700622
0.5032981634140015,0.0423032641410827,0.3401231169700622
0.5032981634140015,0.0423032641410827,0.3401231169700622
0.5032981634140015,0.0423032641410827,0.3401231169700622
0.5032981634140015,0.0423032641410827,0.3401231169700622
0.5032981634140015,0.0423032641410827,0.3401231169700622
0.5032981634140015,0.0423032641410827,0.3401231169700622
0.5032981634140015,0.0423032641410827,0.3401231169700622
0.5032981634140015,0.0423032641410827,0.3401231169700622
0.5032981634140015,0.0423032641410827,0.3401231169700622
0.5032981634140015,0.0423032641410827,0.3401231169700622
0.5032981634140015,0.0423032641410827,0.3401231169700622
0.5032981634140015,0.0423032641410827,0.3401231169700622
0.5032981634140015,0.0423032641410827,0.3401231169700622
0.5032981634140015,0.0423032641410827,0.3401231169700622
0.5032981634140015,0.0423032641410827,0.3401231169700622
0.4549143612384796,0.1299392282962799,0.4047479033470154
0.4549143612384796,0.1299392282962799,0.4047479033470154
0.4549143612384796,0.1299392282962799,0.4047479033470154
0.4549143612384796,0.1299392282962799,0.4047479033470154
0.4549143612384796,0.1299392282962799,0.4047479033470154
0.4549143612384796,0.1299392282962799,0.4047479033470154
0.4549143612384796,0.1299392282962799,0.4047479033470154
0.4549143612384796,0.1299392282962799,0.4047479033470154
0.4549143612384796,0.1299392282962799,0.4047479033470154
0.4549143612384796,0.1299392282962799,0.4047479033470154
0.4549143612384796,0.1299392282962799,0.4047479033470154
0.4549143612384796,0.1299392282962799,0.4047479033470154
0.4549143612384796,0.1299392282962799,0.4047479033470154
0.4549143612384796,0.1299392282962799,0.4047479033470154
0.4549143612384796,0.1299392282962799,0.4047479033470154
0.4549143612384796,0.1299392282962799,0.4047479033470154
0.4549143612384796,0.1299392282962799,0.4047479033470154
0.4549143612384796,0.1299392282962799,0.4047479033470154
0.4549143612384796,0.1299392282962799,0.4047479033470154
0.4549143612384796,0.1299392282962799,0.4047479033470154
0.4549143612384796,0.1299392282962799,0.4047479033470154
0.4549143612384796,0.1299392282962799,0.4047479033470154
0.4549143612384796,0.1299392282962799,0.4047479033470154
0.4549143612384796,0.1299392282962799,0.4047479033470154
0.4549143612384796,0.1299392282962799,0.4047479033470154
0.4549143612384796,0.1299392282962799,0.4047479033470154
0.4549143612384796,0.1299392282962799,0.4047479033470154
0.4549143612384796,0.1299392282962799,0.4047479033470154
0.4549143612384796,0.1299392282962799,0.4047479033470154
0.4549143612384796,0.1299392282962799,0.4047479033470154
0.4549143612384796,0.1299392282962799,0.4047479033470154
0.4549143612384796,0.1299392282962799,0.4047479033470154
0.4549143612384796,0.1299392282962799,0.4047479033470154
0.4549143612384796,0.1299392282962799,0.4047479033470154
0.4549143612384796,0.1299392282962799,0.4047479033470154
0.4549143612384796,0.1299392282962799,0.4047479033470154
0.4549143612384796,0.1299392282962799,0.4047479033470154
0.4549143612384796,0.1299392282962799,0.4047479033470154
0.4549143612384796,0.1299392282962799,0.4047479033470154
0.4549143612384796,0.1299392282962799,0.4047479033470154
0.4549143612384796,0.1299392282962799,0.4047479033470154
0.4549143612384796,0.1299392282962799,0.4047479033470154
0.4549143612384796,0.1299392282962799,0.4047479033470154
0.4549143612384796,0.1299392282962799,0.4047479033470154
0.4549143612384796,0.1299392282962799,0.4047479033470154
0.4549143612384796,0.1299392282962799,0.4047479033470154
0.4549143612384796,0.1299392282962799,0.4047479033470154
0.4549143612384796,0.1299392282962799,0.4047479033470154
0.4549143612384796,0.1299392282962799,0.4047479033470154
0.4549143612384796,0.1299392282962799,0.4047479033470154
0.4549143612384796,0.1299392282962799,0.4047479033470154
0.4549143612384796,0.1299392282962799,0.4047479033470154
0.4549143612384796,0.1299392282962799,0.4047479033470154
0.4549143612384796,0.1299392282962799,0.4047479033470154
0.4549143612384796,0.1299392282962799,0.4047479033470154
0.4549143612384796,0.1299392282962799,0.4047479033470154
0.4549143612384796,0.1299392282962799,0.4047479033470154
0.4549143612384796,0.1299392282962799,0.4047479033470154
0.4549143612384796,0.1299392282962799,0.4047479033470154
0.4549143612384796,0.1299392282962799,0.4047479033470154
0.4549143612384796,0.1299392282962799,0.4047479033470154
0.4549143612384796,0.1299392282962799,0.4047479033470154
0.4549143612384796,0.1299392282962799,0.4047479033470154
0.4549143612384796,0.1299392282962799,0.4047479033470154
0.4549143612384796,0.1299392282962799,0.4047479033470154
0.4549143612384796,0.1299392282962799,0.4047479033470154
0.4549143612384796,0.1299392282962799,0.4047479033470154
0.4549143612384796,0.1299392282962799,0.4047479033470154
0.4549143612384796,0.1299392282962799,0.4047479033470154
0.4549143612384796,0.1299392282962799,0.4047479033470154
0.4549143612384796,0.1299392282962799,0.4047479033470154
0.4549143612384796,0.1299392282962799,0.4047479033470154
0.4549143612384796,0.1299392282962799,0.4047479033470154
0.4549143612384796,0.1299392282962799,0.4047479033470154
0.4549143612384796,0.1299392282962799,0.4047479033470154
0.4549143612384796,0.1299392282962799,0.4047479033470154
0.4549143612384796,0.1299392282962799,0.4047479033470154
0.4549143612384796,0.1299392282962799,0.4047479033470154
0.4549143612384796,0.1299392282962799,0.4047479033470154
0.4549143612384796,0.1299392282962799,0.4047479033470154
0.4549143612384796,0.1299392282962799,0.4047479033470154
0.4549143612384796,0.1299392282962799,0.4047479033470154
0.4549143612384796,0.1299392282962799,0.4047479033470154
0.4549143612384796,0.1299392282962799,0.4047479033470154
0.4549143612384796,0.1299392282962799,0.4047479033470154
0.4549143612384796,0.1299392282962799,0.4047479033470154
0.4549143612384796,0.1299392282962799,0.4047479033470154
0.4549143612384796,0.1299392282962799,0.4047479033470154
0.4549143612384796,0.1299392282962799,0.4047479033470154
0.4549143612384796,0.1299392282962799,0.4047479033470154
0.4549143612384796,0.1299392282962799,0.4047479033470154
0.4549143612384796,0.1299392282962799,0.4047479033470154
0.4549143612384796,0.1299392282962799,0.4047479033470154
0.4549143612384796,0.1299392282962799,0.4047479033470154
0.4549143612384796,0.1299392282962799,0.4047479033470154
0.4549143612384796,0.1299392282962799,0.4047479033470154
0.4549143612384796,0.1299392282962799,0.4047479033470154
0.4549143612384796,0.1299392282962799,0.4047479033470154
0.4549143612384796,0.1299392282962799,0.4047479033470154
0.4549143612384796,0.1299392282962799,0.4047479033470154
0.5815910696983337,0.1647132933139801,0.4818158149719238
0.5530617237091064,0.1938764154911041,0.2811076939105987
0.5530617237091064,0.1938764154911041,0.2811076939105987
0.5530617237091064,0.1938764154911041,0.2811076939105987
0.5530617237091064,0.1938764154911041,0.2811076939105987
0.5530617237091064,0.1938764154911041,0.2811076939105987
0.5530617237091064,0.1938764154911041,0.2811076939105987
0.5530617237091064,0.1938764154911041,0.2811076939105987
0.5530617237091064,0.1938764154911041,0.2811076939105987
0.5530617237091064,0.1938764154911041,0.2811076939105987
0.5530617237091064,0.1938764154911041,0.2811076939105987
0.5530617237091064,0.1938764154911041,0.2811076939105987
0.5530617237091064,0.1938764154911041,0.2811076939105987
0.5530617237091064,0.1938764154911041,0.2811076939105987
0.5530617237091064,0.1938764154911041,0.2811076939105987
0.5530617237091064,0.1938764154911041,0.2811076939105987
0.5530617237091064,0.1938764154911041,0.2811076939105987
0.5530617237091064,0.1938764154911041,0.2811076939105987
0.5530617237091064,0.1938764154911041,0.2811076939105987
0.5530617237091064,0.1938764154911041,0.2811076939105987
0.5530617237091064,0.1938764154911041,0.2811076939105987
0.5530617237091064,0.1938764154911041,0.2811076939105987
0.5530617237091064,0.1938764154911041,0.2811076939105987
0.5530617237091064,0.1938764154911041,0.2811076939105987
0.5530617237091064,0.1938764154911041,0.2811076939105987
0.5530617237091064,0.1938764154911041,0.2811076939105987
0.5530617237091064,0.1938764154911041,0.2811076939105987
0.5530617237091064,0.1938764154911041,0.2811076939105987
0.5530617237091064,0.1938764154911041,0.2811076939105987
0.5530617237091064,0.1938764154911041,0.2811076939105987
0.5530617237091064,0.1938764154911041,0.2811076939105987
0.5530617237091064,0.1938764154911041,0.2811076939105987
0.5530617237091064,0.1938764154911041,0.2811076939105987
0.5530617237091064,0.1938764154911041,0.2811076939105987
0.5530617237091064,0.1938764154911041,0.2811076939105987
0.5530617237091064,0.1938764154911041,0.2811076939105987
0.5530617237091064,0.1938764154911041,0.2811076939105987
0.5530617237091064,0.1938764154911041,0.2811076939105987
0.5530617237091064,0.1938764154911041,0.2811076939105987
0.5530617237091064,0.1938764154911041,0.2811076939105987
0.5530617237091064,0.1938764154911041,0.2811076939105987
0.5530617237091064,0.1938764154911041,0.2811076939105987
0.5530617237091064,0.1938764154911041,0.2811076939105987
0.5530617237091064,0.1938764154911041,0.2811076939105987
0.5530617237091064,0.1938764154911041,0.2811076939105987
0.5530617237091064,0.1938764154911041,0.2811076939105987
0.5530617237091064,0.1938764154911041,0.2811076939105987
0.5530617237091064,0.1938764154911041,0.2811076939105987
0.5530617237091064,0.1938764154911041,0.2811076939105987
0.5530617237091064,0.1938764154911041,0.2811076939105987
0.5530617237091064,0.1938764154911041,0.2811076939105987
0.5530617237091064,0.1938764154911041,0.2811076939105987
0.5530617237091064,0.1938764154911041,0.2811076939105987
0.5530617237091064,0.1938764154911041,0.2811076939105987
0.5530617237091064,0.1938764154911041,0.2811076939105987
0.5530617237091064,0.1938764154911041,0.2811076939105987
0.5530617237091064,0.1938764154911041,0.2811076939105987
0.5530617237091064,0.1938764154911041,0.2811076939105987
0.5530617237091064,0.1938764154911041,0.2811076939105987
0.5530617237091064,0.1938764154911041,0.2811076939105987
0.5530617237091064,0.1938764154911041,0.2811076939105987
0.5530617237091064,0.1938764154911041,0.2811076939105987
